customer_id,customer_name,city,state,created_date
1,Melissa Freeman,Jameston,Georgia,2024-09-01 13:30:15
2,Barbara Davis,Johnmouth,Maryland,2024-04-20 18:51:19
3,James Salazar,South Allisonville,Delaware,2024-01-10 05:28:13
4,Timothy White,Grimesville,Arizona,2025-02-21 15:15:23
5,Paula Barnes MD,North Dannyfort,Massachusetts,2023-10-19 06:18:16
6,Scott Villegas,Josephstad,California,2020-07-06 11:45:54
7,James Soto,Marioton,Pennsylvania,2024-06-03 02:20:09
8,Katherine Cobb,North Angelahaven,Virginia,2025-06-03 23:14:13
9,Vickie Richmond,Watsonstad,Kentucky,2025-03-18 16:20:29
10,Sarah Willis,Brandtland,Hawaii,2020-05-25 23:28:28
11,Deborah Ayala,Lake Phillipside,Minnesota,2025-07-02 14:49:48
12,Stephen Olson,Macdonaldburgh,New Mexico,2022-07-05 13:02:42
13,Timothy Stout,South Hectorberg,Connecticut,2026-05-24 00:19:41
14,Jamie Smith,Lake Geraldburgh,Ohio,2023-08-14 20:10:51
15,Kendra Fox,Ruiztown,Utah,2024-02-17 02:27:10
16,Ray Smith,West Jessica,Arizona,2025-07-01 11:24:54
17,Julia Schneider,South Aaron,West Virginia,2020-07-16 13:13:22
18,Michael Gomez,Dustinview,West Virginia,2025-03-19 04:25:44
19,Jack Turner,East Taylorbury,Wisconsin,2023-02-16 05:09:21
20,Nathaniel Morrow,Port Danielle,Arizona,2022-04-30 05:07:55
21,John Brown,Evansview,Arkansas,2020-03-17 10:13:32
22,Mallory Haney,Watersside,Alabama,2020-04-02 18:41:45
23,Joseph Terrell,Hallmouth,Indiana,2025-07-22 00:21:06
24,Lynn Graves,South Erin,Colorado,2023-12-09 21:57:45
25,Thomas Hawkins,South Jill,Kansas,2024-05-18 06:28:30
26,Russell Dunlap,Geoffreyberg,New Hampshire,2022-04-27 14:24:35
27,David Middleton,Donaldhaven,Wisconsin,2021-12-27 01:40:14
28,Paul Smith,New Robin,Connecticut,2023-05-30 06:49:30
29,April Howard,Nicoleberg,Louisiana,2023-04-28 15:41:19
30,Kelly Morgan,Garrettburgh,New Jersey,2022-03-22 20:05:55
31,Megan Manning,Port Johnton,Oregon,2025-11-29 04:46:55
32,Mrs. Cynthia Cervantes,Christinaberg,Louisiana,2022-04-10 00:01:42
33,Laura Downs,South Sierra,Arkansas,2022-06-14 23:30:23
34,Christopher Taylor,Andrewton,Oklahoma,2025-06-30 23:55:59
35,Marissa Crawford,East Stephenview,Oklahoma,2026-01-07 07:45:15
36,Haley Williams,New Elizabeth,Delaware,2020-09-24 22:00:04
37,Mrs. Pamela Hopkins PhD,New Matthew,Kansas,2021-08-16 04:45:08
38,Sherri Mullins,Russellburgh,South Dakota,2023-11-21 22:24:39
39,Sean Long,East Reginahaven,Oregon,2021-11-23 13:51:45
40,Samantha Palmer,Singletonville,North Dakota,2020-05-31 14:54:02
41,Angela Jones,North Emilyborough,Washington,2020-02-18 06:52:59
42,Crystal Martinez,Phillipsville,Arizona,2022-05-23 20:26:05
43,Michelle Jackson,Lake Tiffany,Tennessee,2023-04-01 10:17:32
44,Kim Tucker,Padillaport,Montana,2025-09-30 16:33:53
45,Brandon Sutton,Marissahaven,Oklahoma,2025-08-22 12:53:03
46,Robert Baker,North Chloeborough,Indiana,2024-11-07 17:23:45
47,Jacob Garcia,West Kimberlyfurt,Nevada,2024-09-03 01:15:22
48,Tara Smith,Dianemouth,New York,2022-10-24 07:52:08
49,Eric Hogan,Maryshire,Rhode Island,2026-06-07 17:01:28
50,Janice Guerrero,Burnsport,Maine,2021-01-13 07:25:49
51,Meghan Welch,Port Tinafurt,California,2023-06-01 02:28:17
52,Justin Tapia,Ginahaven,New Hampshire,2026-03-18 10:52:30
53,Jennifer Mendez,Wesleyview,Idaho,2025-12-23 02:28:38
54,Cynthia Payne,East Adam,Massachusetts,2024-05-21 22:46:20
55,Elizabeth Newton,South Donna,Georgia,2021-09-25 18:18:59
56,Michael Nguyen,Jacquelinemouth,South Carolina,2024-06-18 19:09:54
57,Sabrina Griffith,Maryborough,Indiana,2026-04-15 17:34:25
58,Joshua Hood,Port Amyland,Oregon,2024-12-16 22:43:25
59,Kelly Garcia DVM,East Toddbury,Mississippi,2026-05-04 07:53:09
60,Aimee Jones,Codyport,Iowa,2022-10-23 13:19:14
61,Matthew Cook,Barbaraburgh,Mississippi,2020-06-13 06:43:42
62,Tiffany Carr,Port Jessicastad,Idaho,2021-10-06 05:35:24
63,Michael Payne,Ambershire,Massachusetts,2025-12-01 07:14:29
64,Kimberly Carrillo,Adammouth,Oklahoma,2022-06-30 01:42:16
65,Jeffrey Hernandez,South Philiptown,Iowa,2020-08-16 00:04:07
66,Michael Smith,New Sonyaview,North Carolina,2022-02-06 10:38:17
67,Christine Miller,New Aprilfurt,Minnesota,2021-01-02 03:28:36
68,Alexa Phillips,Josephville,Kansas,2026-02-03 10:34:31
69,Shannon Chandler,Paulside,Montana,2021-04-05 00:44:06
70,Phillip Murphy,West Andrew,Massachusetts,2024-07-20 20:19:43
71,Elizabeth Jackson,South Nathanielport,Nevada,2024-11-26 15:52:37
72,Matthew Rodriguez,Port Marissa,Pennsylvania,2025-06-27 03:28:47
73,Jessica Wong,Rojasmouth,Ohio,2020-11-27 09:53:44
74,Tyler Moore,East Josephmouth,Maine,2024-06-07 21:25:10
75,Reginald Nguyen,Jenniferport,Montana,2024-08-18 06:35:32
76,Joseph Perkins,Lake Eddieside,Tennessee,2021-09-01 08:59:14
77,Larry Hayes,North Jessica,Ohio,2022-04-29 23:26:06
78,James Wilson,East Amybury,Wyoming,2024-06-29 19:41:20
79,Jason Gordon,North Cynthia,Louisiana,2021-01-22 09:01:26
80,Brian James,West James,Louisiana,2024-02-09 06:06:59
81,Edward Oliver,Youngberg,Arkansas,2022-04-29 10:15:34
82,Daryl Norman,Lake Michaelmouth,North Carolina,2020-08-05 19:30:00
83,Deborah Bennett,Franklinbury,Delaware,2026-05-12 12:20:34
84,Angel Mcknight,Charlesbury,Nebraska,2023-10-01 19:00:49
85,Judy Gomez,Robinsonshire,Utah,2020-11-29 01:57:27
86,Jacqueline Hill,East Angela,Idaho,2024-10-02 03:31:59
87,Kari Allen,North Keith,North Dakota,2020-10-01 02:24:26
88,Nichole Lopez,Deannamouth,Illinois,2020-05-16 22:18:21
89,Scott Clayton,Lake Elizabethmouth,Iowa,2025-10-20 17:28:54
90,Andrew Bailey,Hansontown,Connecticut,2023-01-19 06:16:37
91,Vanessa Alexander,North Thomasside,North Carolina,2020-05-16 04:50:06
92,Luis Jacobson,Reedtown,Pennsylvania,2020-03-17 09:35:24
93,Robert Baldwin,Sawyerhaven,New Mexico,2023-03-26 16:34:20
94,Michele Manning,Pamelaland,Louisiana,2021-04-16 01:11:30
95,Douglas Phillips,Brittanytown,Maryland,2023-07-26 19:33:25
96,Miss Nancy Krueger,Lewisland,Wyoming,2025-10-07 06:36:45
97,Mrs. Heidi Nguyen MD,Leeton,Vermont,2025-04-25 10:16:04
98,Sandra Hurley,East Brianborough,Pennsylvania,2022-04-23 04:02:44
99,Wanda Harris,New Mary,Vermont,2023-12-02 10:29:44
100,Calvin Rollins,West Christine,Wisconsin,2026-05-04 02:25:07
101,Erica Butler,Debbieville,Indiana,2020-04-04 11:28:01
102,Scott Peterson,East Erika,Indiana,2025-10-19 17:31:35
103,Evan Higgins,Port Rebecca,Tennessee,2020-03-10 11:20:35
104,Mary Lee,Stephaniestad,Iowa,2026-03-20 00:55:54
105,Michael Lopez,New Anthonyborough,Hawaii,2025-06-07 15:40:52
106,James Mendoza,Madisonburgh,Alaska,2021-07-20 12:45:35
107,Timothy Jones II,Williamsbury,North Carolina,2024-12-01 15:34:32
108,Jonathan Chambers,Cruzton,Minnesota,2024-11-11 06:36:15
109,Erica Patterson,Walkerland,Alaska,2020-11-24 11:06:19
110,Joshua Ortiz,New Nicole,Wyoming,2022-08-12 15:39:26
111,Mrs. Autumn Humphrey DDS,Pereztown,North Dakota,2023-11-20 11:28:01
112,David Perkins,Jonesbury,Wisconsin,2024-03-09 13:31:45
113,Dustin Guerrero,Sarahmouth,Indiana,2020-03-13 06:41:59
114,Shawn King,Katherinestad,Ohio,2020-01-12 23:34:15
115,Stacy Snyder,New Arielburgh,Arkansas,2025-08-09 21:02:52
116,Jason Rogers,North Stephentown,Arkansas,2022-09-15 15:22:37
117,Cody Anthony MD,Berryshire,Kansas,2025-03-01 04:48:32
118,Carl Hurst,North Christine,South Dakota,2020-05-10 08:48:54
119,James Murphy,Ramirezview,Rhode Island,2020-03-24 15:19:43
120,Hannah Thompson,Taylorstad,Washington,2021-03-03 09:52:39
121,Mary Taylor,Meganside,Illinois,2020-10-11 20:30:46
122,Melissa Salas,North Monica,Louisiana,2023-01-28 16:03:11
123,Cindy West,Leeland,Maryland,2024-05-30 13:25:53
124,Holly Nolan,West Danielleton,Iowa,2026-04-05 01:51:23
125,William Snyder,Lake Steven,Indiana,2022-06-23 19:32:31
126,Matthew Payne,Rodriguezland,Virginia,2021-02-15 16:58:10
127,Andrea Little,Damonfurt,Nevada,2022-07-10 09:28:43
128,Wanda Burns,Jamesborough,Delaware,2025-02-01 03:04:53
129,Jeffrey Hall,Jamesport,Kansas,2022-09-25 18:00:30
130,Lisa Wilson,Santosfurt,Maryland,2021-01-28 13:08:06
131,Kristen Ellison,Michaelport,Missouri,2022-05-28 02:11:01
132,Adam Johnson,East Rachelview,North Dakota,2026-04-10 16:24:18
133,Emma Williams,South Connie,Oregon,2025-11-21 16:20:30
134,Jessica Brennan,Johnsonburgh,Arkansas,2021-12-29 15:41:59
135,Christie Johnston,Sweeneyberg,Maine,2025-12-19 11:20:03
136,Gary Jones,Ethanfurt,Illinois,2021-08-02 20:03:56
137,Morgan Walter,Port Patrick,Wyoming,2024-01-24 17:03:59
138,Kim Dunlap,Lake Virginia,Vermont,2023-04-10 19:27:26
139,Michael Perez,Lake Charlesstad,Mississippi,2025-08-18 21:17:15
140,Taylor Cook,Lake Ashley,Colorado,2022-04-24 15:56:36
141,Derek Edwards,Kevinfurt,Pennsylvania,2022-05-25 02:02:36
142,Jesus Meyers,Philipside,Texas,2024-03-18 00:53:12
143,Lance Jackson,Swansonmouth,Kentucky,2024-09-27 22:30:34
144,Laura Taylor,Lake William,Illinois,2020-02-07 01:23:56
145,Christina Thompson,Martinburgh,Arizona,2026-05-29 05:49:26
146,Kirsten Lucas,South Pamela,Alabama,2026-04-18 19:29:02
147,Ryan Martin,Nathanview,Wisconsin,2024-03-29 22:29:27
148,Arthur Lloyd,Lake Carlos,Idaho,2021-03-20 08:45:24
149,Mariah Costa,North Mary,Mississippi,2021-05-29 09:47:13
150,Bonnie Smith,East Jodi,Arkansas,2026-06-15 09:12:22
151,Teresa Smith,Jeromeport,Connecticut,2020-10-13 13:53:14
152,Lorraine Friedman,Atkinsonberg,Iowa,2025-06-27 13:38:37
153,Kelsey Morris,Williamshaven,Florida,2023-10-12 06:01:23
154,Michael Mcclain,South Jamesmouth,Massachusetts,2025-12-18 04:37:29
155,Monica Clark,Victoriamouth,Utah,2020-01-10 03:33:08
156,Wendy Mayo,Patrickville,Ohio,2020-03-24 04:42:45
157,Tony Jenkins,Julietown,Arizona,2021-04-08 07:40:17
158,Kimberly Andrade,Jenkinsstad,Georgia,2022-04-03 17:05:11
159,Gregory Campos,Thomasstad,Maine,2025-02-01 21:25:12
160,Lucas Morgan,South James,West Virginia,2024-07-14 02:23:34
161,Tiffany Morales,Danielleview,Oklahoma,2025-11-11 00:38:02
162,Michelle Harvey,North Charlesborough,Alabama,2023-12-25 21:16:01
163,Lisa Mills,South Bradhaven,Maryland,2021-02-15 08:25:52
164,Sherry Jackson,Lake Jacob,Pennsylvania,2023-07-16 21:08:01
165,Kimberly Cunningham,Lake Desiree,New Hampshire,2022-03-07 14:28:34
166,Keith Cummings,Crystalland,Montana,2022-04-20 04:19:36
167,David Humphrey,Brownstad,Tennessee,2026-01-19 09:11:26
168,James Jenkins,New Kevinview,Iowa,2021-03-24 11:10:49
169,Wendy Ross,Fosterchester,New Jersey,2022-12-30 11:25:26
170,Nichole Henry,Danielburgh,Delaware,2021-04-12 19:28:51
171,Cody White,West Laura,Minnesota,2021-09-09 20:56:40
172,Anne Murphy MD,Hunterville,Wisconsin,2023-09-03 06:26:36
173,Gregory Simpson,Lake Caitlinmouth,Delaware,2020-07-19 03:50:18
174,Elizabeth Frazier,Lake Jillianburgh,Minnesota,2024-01-21 23:30:10
175,Michael Riley,Port Tammy,Delaware,2020-05-27 20:58:25
176,Albert Watts,Robertview,North Carolina,2023-02-12 08:24:59
177,Daniel Meyer,Ashleyfort,New Jersey,2022-05-06 17:00:20
178,Adam Watson,Christopherview,Colorado,2026-02-12 00:18:55
179,Ashley Lamb,New Dawn,Louisiana,2025-02-24 06:13:24
180,Deanna Collins,Mcgeefurt,Idaho,2024-10-22 13:54:24
181,Brian Acosta,South Christopherborough,Kansas,2023-03-10 01:18:02
182,Brandy Mitchell,Lake Melissa,Rhode Island,2024-11-10 09:12:21
183,Maria Villanueva,New Christopher,North Dakota,2024-11-21 22:46:06
184,Alicia Hughes,North Robertland,North Dakota,2021-07-17 01:24:30
185,Carl Vasquez,Lake Jerry,North Carolina,2023-06-10 13:13:03
186,Evan Flores,Rojasmouth,Massachusetts,2025-10-11 02:34:05
187,Joseph Wilson,Stephanieland,Vermont,2020-09-13 12:19:44
188,Jeffrey Johnson,Phillipsmouth,South Dakota,2025-06-19 10:32:42
189,Jamie Lewis,Richardsonhaven,New York,2021-09-15 12:21:03
190,Andrea Johnson,North Eileenshire,Indiana,2024-06-17 13:49:51
191,Cameron Malone,Port Rhonda,Montana,2020-06-04 23:51:37
192,Adam Brown,Williamport,Louisiana,2025-08-09 17:05:24
193,Patricia Newman,North John,Hawaii,2020-08-18 03:26:36
194,Jill Nelson,West Melanie,New York,2020-10-06 21:24:31
195,Ray Curtis,North Briannaland,Florida,2020-04-29 20:13:09
196,Samantha Morrison,Rogersborough,Arizona,2021-12-03 07:09:17
197,Mark Terrell,New Duane,Florida,2022-01-08 05:41:15
198,Jared Hobbs,North Mathewport,Iowa,2021-07-21 01:18:48
199,Tiffany Chavez,New Richard,Massachusetts,2026-03-30 12:49:38
200,Amy Hutchinson,Suarezview,Missouri,2026-04-06 23:51:00
201,Mary Bradley,Mayhaven,Pennsylvania,2023-08-31 10:37:45
202,Anthony Williams,East Taraborough,Colorado,2025-05-23 12:33:08
203,Kenneth Cordova,South Tracyberg,Nebraska,2025-10-06 11:25:41
204,Brandon Ferguson,Johnsonshire,Minnesota,2024-03-24 11:27:30
205,Sue Williams,Ronaldland,Tennessee,2020-09-25 19:53:38
206,Megan Rojas,Port Danielberg,Missouri,2021-10-11 00:55:38
207,Dr. Albert Stewart DDS,Chambersmouth,Vermont,2026-01-01 05:21:06
208,Philip Barr,North Alicia,Arkansas,2021-07-14 23:45:44
209,Robert Williams,Stevenschester,Illinois,2020-02-03 07:58:49
210,Dylan Ross,Alvarezstad,Massachusetts,2023-04-17 07:21:17
211,Jeremiah Reynolds,Gregoryfurt,Washington,2026-05-14 13:34:24
212,Lori Flores,Lake Anthony,Nebraska,2026-04-17 15:29:13
213,Tanya Roberts,Jessicaton,Pennsylvania,2021-07-20 22:30:04
214,Rebecca Pierce,Elizabethton,Idaho,2021-08-18 07:40:25
215,Jennifer Turner,Coxville,Wisconsin,2021-04-15 05:58:19
216,William Jackson,Caldwellmouth,Idaho,2022-04-15 18:41:38
217,Sarah Johnson,North Jeremiah,Wisconsin,2022-12-25 13:52:48
218,David Woods,Jenniferton,New Jersey,2022-11-15 15:01:30
219,Sherry Garcia,Phillipsland,Texas,2025-02-18 21:36:41
220,Ronald Gonzales,West Timothymouth,North Carolina,2022-11-07 09:42:42
221,Jessica Fitzgerald,North Karen,Louisiana,2021-03-28 00:03:43
222,Timothy Johnson,New Jamie,North Carolina,2021-02-15 00:15:25
223,Elizabeth Rich,Ruizborough,Kentucky,2022-10-28 11:34:31
224,Alexandra Wood,Lisafort,Iowa,2025-04-25 17:55:27
225,Jacob Wilson,Port Jerometon,Massachusetts,2020-02-27 11:02:14
226,Tyler Harris,Adkinsburgh,Vermont,2022-08-26 15:25:58
227,Cheryl Watkins,Lake Joelmouth,Indiana,2021-03-24 03:03:59
228,Dylan Harper,Port Larry,South Dakota,2023-03-25 17:15:12
229,Andrew Oconnor,Beverlymouth,Ohio,2026-05-22 13:37:00
230,Debbie Ford,Riveramouth,Kansas,2022-07-27 13:34:29
231,Andrea Malone,Padillaberg,West Virginia,2022-10-03 12:47:02
232,Ricky Caldwell,Bakerhaven,Oklahoma,2020-07-15 16:33:57
233,Katie Parker,Chavezfurt,Georgia,2023-12-19 13:30:55
234,Timothy Richards,Debbieshire,Arizona,2025-01-13 17:14:58
235,Arthur King,East Philipside,Indiana,2024-08-02 23:10:18
236,Brian Garcia,Cannonstad,Maine,2025-09-13 03:09:58
237,Joshua Scott,North Emily,Alaska,2023-02-07 17:45:24
238,Erica Henderson,East Andrewland,Missouri,2026-04-26 23:39:59
239,Stacy Stein PhD,South Jessica,Maine,2023-10-10 03:32:28
240,Kayla Rodgers,Taylorshire,New York,2025-12-14 12:15:33
241,Carla Richardson,Port Lisa,Missouri,2024-04-04 17:41:51
242,Joe Hayes,Kevinton,Delaware,2024-03-26 12:07:49
243,Craig Suarez DDS,Kristinborough,Utah,2020-11-20 06:06:49
244,Michelle Zimmerman,West Vanessa,Wyoming,2022-03-31 11:49:44
245,Toni Robinson,Lake Luis,Alabama,2022-07-25 07:09:19
246,John Barton,Andersonbury,Vermont,2025-04-28 18:54:54
247,Andrea Hernandez,South Tracyfurt,Pennsylvania,2021-10-09 23:40:35
248,Randy Rogers,West Kevinstad,Washington,2025-04-28 22:16:48
249,Javier Diaz,Jaredville,Alaska,2025-07-09 10:58:13
250,Jacqueline Johnson,Blackstad,Connecticut,2023-09-25 02:50:22
251,Jasmine Smith,South Andrew,Alabama,2021-09-25 06:58:05
252,Lori Robinson MD,Hillberg,Nebraska,2024-02-23 21:07:43
253,Mr. Mike Weiss,West Laura,Delaware,2024-10-10 06:02:43
254,Danielle Miller,West Johnside,Montana,2025-01-07 03:24:33
255,Mrs. Janet Russell,Proctorstad,Wyoming,2024-05-18 07:50:27
256,Jessica Evans,Rodriguezmouth,Alaska,2021-09-23 14:51:36
257,Sherri Brooks,Richardton,Virginia,2022-08-14 07:53:42
258,Paul Berry,Dillonberg,Wisconsin,2020-10-22 19:27:10
259,Curtis Ford,Port Charlesshire,Nevada,2022-02-24 05:45:55
260,Travis Hansen,Heidibury,Minnesota,2022-08-27 13:37:32
261,Denise Mcclain,North Richard,New York,2026-01-02 12:10:02
262,Marie White,West Mark,Virginia,2020-08-04 00:20:25
263,Gregory Wong,Rossmouth,Alaska,2023-10-29 11:50:09
264,Wanda Adkins,New Cameron,Virginia,2026-06-12 06:23:09
265,Jamie Smith,Port Johnshire,North Carolina,2021-06-07 14:27:39
266,Michaela Brown,Sanchezfurt,Oregon,2023-10-18 22:00:41
267,Anthony Carpenter,Ortizshire,Alabama,2026-05-05 05:33:53
268,Larry Graham,Burtontown,Rhode Island,2025-05-19 20:42:30
269,Hannah Adams,Grantland,New Mexico,2022-06-16 03:42:49
270,Alexander Lam,Susanshire,Arizona,2025-12-24 05:13:48
271,Deanna Gibson,East Brianna,Rhode Island,2023-04-19 05:33:23
272,Alyssa Munoz,North Maurice,Maine,2020-10-21 06:43:51
273,Laura Robertson,Fisherton,Wisconsin,2020-08-15 08:33:54
274,Roger Juarez,New Joshuafurt,Ohio,2025-02-07 15:35:20
275,Melanie Hamilton,South Kristin,Idaho,2025-05-07 16:13:37
276,Jason Scott,Lake Lindseyhaven,North Carolina,2024-12-10 20:26:28
277,Andrew Martin,Wilsontown,Louisiana,2021-01-07 19:07:37
278,Anthony Kirby,Port Robert,Washington,2020-06-17 09:39:33
279,Linda Jackson,Mooreberg,Illinois,2021-11-25 22:47:43
280,Andrew Green,East Krystalchester,Nebraska,2020-10-15 03:43:08
281,Jennifer Davis,Salasburgh,Texas,2025-08-28 16:07:47
282,Suzanne Fuller,East Lisa,Mississippi,2021-02-14 10:31:32
283,Michael Scott,New Melissabury,Minnesota,2024-05-11 08:47:14
284,Jennifer Johnson,Port Janet,Nevada,2021-03-23 00:34:19
285,Scott Mitchell,North Christinamouth,Montana,2021-02-08 20:00:39
286,Brian Johnson,North Willieburgh,Illinois,2024-12-13 05:06:26
287,Janet Miranda,Port Dalemouth,Ohio,2020-07-08 22:40:48
288,Robert Owens,Lambertville,New Jersey,2022-06-18 22:37:19
289,Martin Anderson,Port Andrea,Mississippi,2021-02-18 13:00:10
290,Jason Macias,East Gregoryburgh,New Mexico,2022-06-30 22:03:25
291,Christine Thompson,Lake Lauren,Illinois,2024-05-21 12:22:55
292,John Guerrero,Catherinetown,Texas,2022-05-09 07:36:45
293,Alexander Evans,North Andrewchester,West Virginia,2022-06-10 00:32:39
294,Gary Conway,Smithmouth,Idaho,2025-07-11 11:14:11
295,Timothy Mccormick,Port Julie,Oklahoma,2023-03-23 11:53:33
296,Jacob Wilson,Port Anthony,Louisiana,2024-04-08 17:36:16
297,Brittany Smith,West Aprilburgh,Nevada,2022-08-07 00:37:05
298,Stephanie Gregory,Floresmouth,California,2022-12-02 19:05:52
299,Darrell Russell,Coffeyland,New Hampshire,2021-11-22 02:50:47
300,Mr. Dustin Lee,Greenefurt,Maryland,2022-01-08 04:26:37
301,Jason Moreno,South Lawrenceberg,Montana,2022-02-10 19:38:40
302,David Logan,North Karinamouth,Colorado,2023-02-27 05:19:32
303,Ashley Allen,Taylorshire,Wisconsin,2026-04-22 09:22:54
304,Emily Jennings,North Bryan,Indiana,2020-09-21 23:38:48
305,Paul Mann DDS,West Nicholas,Minnesota,2021-05-09 13:09:51
306,Carlos Robbins,Davidborough,Colorado,2024-05-30 09:16:31
307,Elizabeth Williams,Sandersburgh,New Mexico,2026-01-10 01:57:27
308,Angel Dean,East Sarah,Virginia,2022-05-02 01:49:13
309,Joanne Ali,Brianmouth,Colorado,2022-01-27 03:55:52
310,Tracy Whitney,North Robertport,Indiana,2024-05-11 13:30:16
311,Ariel Munoz,Kingstad,Pennsylvania,2024-02-20 00:41:10
312,Angela Norton,Collinsstad,Texas,2024-08-02 08:02:16
313,Mark Murphy,East Vincent,Kansas,2023-11-22 02:02:50
314,Bobby Mitchell,Jacksonfurt,Alaska,2023-05-31 10:46:52
315,Dustin Massey,East Samanthatown,New Mexico,2023-02-24 05:28:27
316,Cheryl Blackburn,Gonzalezstad,Wyoming,2025-10-29 02:49:29
317,Lisa Ryan,Sanfordberg,Kansas,2021-03-17 22:12:21
318,Katherine Berry,Aguilarside,Delaware,2023-04-01 15:05:13
319,Brian Mccormick,Wellsfort,Utah,2024-10-20 19:06:22
320,Amanda Garcia,New Matthew,Florida,2023-03-22 09:37:19
321,Brian Byrd,Jenniferchester,Georgia,2024-01-08 22:10:42
322,Taylor Smith,Maryfort,North Carolina,2024-10-22 09:59:10
323,Brian Lambert,South Donaldstad,Idaho,2023-08-05 16:55:11
324,James Ruiz,Robertburgh,Maryland,2023-10-28 18:20:21
325,Jonathan Hudson,New Omarborough,Vermont,2022-11-01 17:02:11
326,Peter Johnson,West Crystal,Oregon,2025-12-27 22:10:22
327,Angela Rice,Tammytown,Connecticut,2025-10-20 08:59:29
328,Theresa Johnson,Wrightstad,Kansas,2024-10-13 22:57:29
329,Renee Fisher,Harrisstad,Delaware,2025-08-04 02:08:37
330,Victor Thomas,Edwardview,Connecticut,2025-02-10 02:15:54
331,Juan Allison,Robertsonstad,North Dakota,2023-12-02 18:27:42
332,Jennifer Contreras,New Elizabeth,Alabama,2022-05-29 05:21:12
333,Bernard Taylor,Johnton,Oklahoma,2021-10-01 10:37:18
334,Michael Kelly DVM,West Benjamin,Connecticut,2022-01-31 06:33:55
335,Bonnie Hall,East Christopherchester,Wyoming,2023-04-06 21:45:38
336,Alexander Roberts,Amberview,Texas,2025-11-03 12:53:35
337,Tony Conner,Port Scottshire,Washington,2020-04-27 21:44:50
338,Lauren Moss,Nicholasmouth,Alabama,2024-10-02 04:14:40
339,Pam Frost,Landryside,Iowa,2020-03-21 10:18:29
340,Darryl Brooks,Whiteton,Washington,2025-05-21 21:58:42
341,Jimmy Powell,Lake Marie,Michigan,2021-07-11 03:57:12
342,Meghan Skinner,Alvaradobury,West Virginia,2021-07-25 15:39:41
343,Nathaniel Stewart,South Dylan,Maine,2020-03-14 20:27:07
344,Joshua Sullivan,West Kelly,West Virginia,2022-04-11 03:08:20
345,Joanna Wallace,Port Nicoleton,Idaho,2025-11-25 06:20:05
346,David Brown,Tanyamouth,Nebraska,2021-01-11 18:22:10
347,Randy Caldwell,East Maryburgh,California,2020-07-21 16:15:30
348,Angela Young,Fitzgeraldstad,Mississippi,2026-04-04 11:17:34
349,Brandon Brown,Scottview,Georgia,2026-05-09 17:39:09
350,James Bruce,East Darrenton,Utah,2023-05-12 11:49:58
351,Robert Scott,Batesside,North Dakota,2021-02-27 08:26:26
352,Jordan Meyers,Evelynberg,Maine,2021-11-17 17:22:49
353,Michelle Mcdaniel,North Anthonyport,Kentucky,2020-10-11 12:23:28
354,Donna Robinson,Lambstad,Missouri,2025-04-11 18:13:15
355,Taylor Gonzalez,Christophertown,Kansas,2024-07-22 22:40:09
356,Brendan Mercado,East Kevinhaven,Florida,2023-01-25 13:59:27
357,Diana Martin,Erinville,North Dakota,2020-04-24 07:06:45
358,Stephanie Bowman,Valdezbury,South Carolina,2024-04-25 16:16:13
359,Joanna Pierce,East Shelly,Pennsylvania,2023-06-30 15:53:33
360,Michael Savage,Bennettfurt,Washington,2021-02-11 19:27:42
361,Veronica Hanna,Nashside,New York,2026-06-20 04:08:44
362,Brittany Martinez,East Jenniferfurt,Idaho,2023-06-04 17:49:08
363,Travis Williams,East Tommy,Montana,2020-07-29 17:18:29
364,Vanessa Patrick,South Kylebury,Missouri,2025-02-01 22:15:54
365,Nicholas Cook,South Robert,Michigan,2021-07-05 20:54:44
366,William Byrd,Johnsonmouth,Wyoming,2020-04-03 22:04:01
367,Michael Barrera,Lake Paul,North Carolina,2025-02-23 04:26:50
368,Michael Sims,East Anthony,Oklahoma,2021-05-03 02:48:18
369,Ryan Hurst,Farleyborough,Iowa,2025-07-14 09:10:17
370,Nicholas Morrow,North Rachel,Florida,2026-01-08 02:57:36
371,Mary Wu,Spencerburgh,Louisiana,2020-05-06 18:35:34
372,John Cross,East Darrellview,South Dakota,2024-04-15 11:44:53
373,Mrs. Christina Robinson,West Eddie,Ohio,2022-07-21 15:32:52
374,Christopher Morris,Cherylchester,Indiana,2022-03-01 21:44:00
375,Cheyenne Cortez,Sarahbury,Connecticut,2024-07-25 10:06:33
376,Ethan Cervantes,North Mary,Maryland,2020-05-23 13:51:50
377,Richard Wade,Pamelaton,North Dakota,2020-07-08 20:20:15
378,Elizabeth Chavez,Tiffanyfurt,Washington,2020-10-25 21:48:22
379,Ricardo Levy,Lisafort,South Carolina,2021-01-20 17:10:09
380,Kathy Lyons,Port Joseph,Mississippi,2023-10-17 19:56:57
381,Donald Hill,West Michaelbury,Illinois,2026-01-01 05:19:16
382,Laura Harper,Robertland,South Carolina,2023-07-20 15:10:21
383,Jennifer Smith,Adrianaport,Kentucky,2025-02-16 05:17:13
384,Lisa Smith,Denniston,Utah,2022-11-28 01:48:14
385,Hannah Campbell,Hannahville,Alaska,2023-10-29 14:44:42
386,Kimberly Boone,Marshmouth,Alaska,2025-01-12 00:02:02
387,Daniel Chan,New David,Delaware,2026-05-21 07:33:19
388,John Anderson,East Jillian,Idaho,2020-11-29 18:26:05
389,Brian Wilkins,Williamsview,Connecticut,2022-09-09 17:21:40
390,Shannon Banks,Davisland,Florida,2022-01-01 04:18:52
391,Anthony Henderson,North Jimmytown,Indiana,2022-12-14 19:54:45
392,Alexis Roberts,Lake Johnport,Virginia,2021-07-25 15:05:39
393,Donald Navarro,Lake Markside,Connecticut,2023-03-28 12:43:32
394,Kristina Davis MD,West Andrewport,Indiana,2020-06-04 05:38:21
395,Brittany Scott,Maloneborough,Washington,2020-09-04 05:17:45
396,Jack Velez,Floresshire,South Carolina,2025-07-14 07:50:52
397,Kelly Andrews,Bakerchester,Vermont,2020-03-26 04:56:59
398,John Adams,Lake Erika,Wyoming,2025-05-26 06:57:58
399,Jordan Spencer,Donaldshire,Kentucky,2022-02-17 03:55:28
400,Chelsea Vaughn,South Andrew,Montana,2022-06-04 13:15:30
401,Jeffery Avery,Shaneborough,Missouri,2026-02-22 03:55:30
402,Tanya Johnson,Kathleenfurt,Wyoming,2021-01-02 10:29:36
403,Tracy Stewart,New Travisbury,Ohio,2021-09-18 17:17:25
404,Brandon Smith,Brandonburgh,Florida,2023-04-01 22:26:44
405,Sara Gonzalez,Sharonside,Washington,2025-04-04 16:45:59
406,Melissa King,East Amandabury,Florida,2024-04-23 02:51:31
407,Amy Briggs,South Shawn,Massachusetts,2020-02-11 10:27:46
408,Tommy Skinner,East Derekfort,Massachusetts,2022-08-13 23:05:11
409,Virginia Moss,Michaelbury,Oregon,2022-04-27 02:38:57
410,Andrew Hoffman,South Michelle,Mississippi,2025-12-01 09:58:40
411,Dana Johnson,Lake Douglas,Georgia,2020-10-12 08:01:31
412,Phillip Russo,New James,Minnesota,2024-07-07 05:17:20
413,Sharon Shepherd,Schmidtside,Connecticut,2026-03-10 14:18:59
414,Jill Mccoy,East Joe,West Virginia,2022-05-20 11:45:47
415,Amber Griffith,West Ricardo,Virginia,2022-04-04 02:24:19
416,Natasha Perkins,Lake Kristie,Alabama,2021-04-05 22:51:23
417,Stanley Hunt,East Marissa,Michigan,2020-12-29 17:20:43
418,Kenneth Campbell,Port Karen,New Hampshire,2024-08-09 23:50:08
419,Jean Shah,Port Patrick,Connecticut,2026-04-02 18:50:25
420,Isaiah Garcia,South Jonstad,New Jersey,2024-05-15 12:42:33
421,Jessica Hanson DDS,Murrayside,West Virginia,2025-09-16 20:35:34
422,Jason White,West Kathy,Connecticut,2022-05-25 07:48:10
423,Jason Myers,Port Kenneth,Maine,2021-11-18 22:53:47
424,Gabriel Meza,West Stephanieborough,Louisiana,2023-04-08 10:18:38
425,Jasmine Perez,Mendozamouth,New Jersey,2022-03-10 15:00:10
426,Stanley Brown,Port Williamstad,Illinois,2025-05-04 11:07:56
427,Jonathan Lopez,Elizabethfort,Nebraska,2021-05-12 12:22:00
428,Natasha Keith,East Matthewfurt,Washington,2023-01-20 18:55:25
429,Jonathan Pollard,Michaelmouth,Maine,2020-03-08 16:48:33
430,Nicholas Schmidt,Davisview,Oregon,2025-03-01 13:48:12
431,Richard Rivera,Shermanside,Connecticut,2025-01-14 14:24:40
432,Kevin Sanchez,Thompsonberg,North Dakota,2024-09-15 05:40:29
433,Joel Barnes Jr.,Paulatown,Nebraska,2021-05-03 01:36:02
434,Jamie Russell,Conwayburgh,Virginia,2020-08-10 18:16:52
435,Ashley Taylor,Taylortown,Arkansas,2025-03-14 07:27:59
436,Aaron Hartman,Robertfurt,Idaho,2023-01-12 06:39:54
437,Ernest Williams,South Taraburgh,Wisconsin,2023-08-04 21:15:38
438,Steven Deleon,South Mary,Virginia,2026-04-07 02:02:12
439,Ryan Wilkinson,Langmouth,Indiana,2026-02-11 23:14:34
440,Sherry Fisher,Hansenbury,Pennsylvania,2022-04-03 20:52:37
441,Michael Griffin,Port Jasonberg,Rhode Island,2022-02-01 07:42:39
442,John Anthony,Port Isabelside,Oklahoma,2025-02-11 07:38:05
443,Alexandra Graham,Lake Thomasland,Kentucky,2024-06-15 21:19:15
444,Anthony Adams,Stacyfort,Montana,2023-02-12 06:21:15
445,Jean Simmons,East Heathermouth,Vermont,2023-03-30 19:26:24
446,Daniel Gutierrez,West Aaron,Pennsylvania,2025-09-20 03:04:31
447,Steve Carr,West Alexandra,Alabama,2023-12-29 00:41:11
448,Laura Lopez,New Kristopher,Kansas,2025-03-27 17:36:01
449,Nancy Austin,Port Amber,South Dakota,2021-01-21 09:07:11
450,Theresa Jacobson,Lake Susanchester,South Carolina,2024-07-20 06:52:35
451,Kristin Mendoza,Lorichester,Michigan,2020-07-26 20:23:49
452,Leroy Yang,South Wandatown,Oklahoma,2020-11-23 06:01:27
453,John Rivas,Katherineside,Louisiana,2024-05-25 05:46:36
454,Thomas Pace,Port Jasonview,New Mexico,2026-06-12 10:23:49
455,Kara Harrison DDS,Port Denise,Pennsylvania,2023-01-22 16:46:30
456,Andrea Stewart,New Krystal,Indiana,2021-01-20 06:45:44
457,April Rogers,Conwaytown,Connecticut,2024-04-18 05:53:24
458,Susan Peterson,Lake Timothyton,Nebraska,2024-12-20 13:22:13
459,Bianca Pena,Port Nathaniel,Utah,2024-09-02 14:29:13
460,Jeffrey Wilson,Port Stephanie,Connecticut,2024-03-03 17:40:55
461,Eduardo Valdez,Jamesland,New York,2020-08-18 23:55:28
462,Jean Stevens,Lake Geraldview,Oregon,2022-09-28 19:11:42
463,Jason Morgan,Lake Carolton,Colorado,2020-12-19 16:05:13
464,John Hawkins,Sarahberg,New Hampshire,2025-05-09 22:15:46
465,Michael Bradley,East Michaelside,Virginia,2021-01-24 13:57:53
466,Nicholas Weber,Bradleyfurt,Colorado,2021-07-13 23:12:00
467,John Hill,Lake Andrewburgh,Iowa,2022-03-24 11:21:35
468,Jerome Jordan,Hendersonburgh,Nebraska,2021-02-02 09:36:58
469,Christopher Oconnor Jr.,North Andrew,Idaho,2025-02-13 09:34:19
470,Meghan Olsen,Stanleyside,California,2026-05-07 05:12:27
471,Ashley Haney,Littlechester,North Carolina,2020-09-27 02:42:24
472,Jordan Bridges,Port Jane,Oklahoma,2024-10-08 11:28:16
473,Melissa Black,Gomezville,Idaho,2022-01-11 11:42:50
474,Adam Wilson,Port Rachelstad,Wisconsin,2025-08-27 04:59:49
475,Anne Cunningham,New Lorishire,North Dakota,2024-02-23 23:11:07
476,Matthew Merritt,Smithshire,Texas,2024-12-16 17:05:24
477,Wesley Harvey,West Brittanychester,Maine,2025-11-11 07:08:50
478,Margaret Anderson,Sheaton,Connecticut,2023-03-07 23:40:19
479,Derek Trujillo,South Nicole,Colorado,2024-04-12 12:20:51
480,Raymond Yang,New Tammy,Washington,2020-08-11 14:17:01
481,Shelly Jackson,Crystalview,North Dakota,2025-04-09 22:49:04
482,Emma Berry,New Daniel,Indiana,2021-06-08 07:11:02
483,Edward Rangel,Lake Josemouth,Maine,2021-05-01 09:15:13
484,Sharon Davis,Muellerfort,New York,2020-11-15 23:31:16
485,Danielle Armstrong,Lake Samanthafort,Kansas,2020-11-30 19:01:43
486,Erica Sanders,West Michaelmouth,Massachusetts,2021-10-28 09:03:10
487,Brooke Wyatt,Currybury,Montana,2025-09-30 07:25:17
488,Amanda Lopez,Lawrenceberg,Virginia,2020-04-06 04:59:51
489,Michael Gutierrez,Sawyerborough,Delaware,2026-04-08 11:18:11
490,Yolanda Beard,New Shannon,New Mexico,2025-06-10 03:48:49
491,Samantha Johnson,Richardsonburgh,Tennessee,2026-02-08 14:34:25
492,Heather Henderson PhD,Amandafurt,Hawaii,2021-04-02 22:30:36
493,Christy Young,Stanleychester,Minnesota,2025-01-11 08:24:14
494,Linda Franklin,Duaneview,Alabama,2025-07-29 08:12:23
495,Evan Long,Coleview,Nebraska,2021-11-06 14:13:25
496,Angela Roman,South Jennifer,Alabama,2022-04-29 16:41:16
497,Paula Crawford,Caitlynton,Nevada,2026-01-02 22:34:34
498,Jason Hill,Annland,Massachusetts,2022-05-29 17:46:59
499,Julia Gonzalez,Gregoryfort,Oregon,2021-07-28 15:35:45
500,Amanda Moore,Whiteshire,Washington,2025-08-07 04:45:38
501,Krystal Wilson,West Megan,Iowa,2021-07-02 07:06:22
502,Brandon Vaughan,Catherinemouth,Alaska,2025-03-31 20:18:51
503,Levi Rivera,East Guyshire,Florida,2024-04-01 08:45:39
504,Mckenzie Haynes,Lake Andrewfurt,Pennsylvania,2025-01-29 11:42:34
505,Michael Rivera,Lake Earl,Massachusetts,2020-12-26 04:38:27
506,Charles Smith,Steelehaven,Connecticut,2025-12-12 07:41:50
507,Ariel Ross,Port Andrew,Wyoming,2022-04-22 05:15:25
508,Diane Vega,Whiteland,Louisiana,2022-10-31 08:01:20
509,Steven Savage,Lake Victorhaven,Oklahoma,2022-07-11 19:54:22
510,John Lee,Dannychester,North Carolina,2021-11-30 18:31:18
511,Mr. Dennis Howell,Lake David,Rhode Island,2026-04-18 05:57:05
512,Gregory Butler,New Richardside,Delaware,2023-08-24 15:19:02
513,Ariana Maldonado,Hamiltonbury,Missouri,2026-01-20 10:57:36
514,Michele Harper,Ryanfort,Arkansas,2020-07-11 12:22:04
515,Chad Owens,Cartertown,Louisiana,2020-07-31 21:08:39
516,David Johnson,Patrickview,Illinois,2020-05-15 15:30:26
517,Benjamin Baker,Leemouth,Ohio,2022-08-26 16:51:20
518,Eric Johnson,Lake April,Colorado,2025-11-14 17:47:26
519,John Henderson,Andrewborough,Michigan,2021-02-14 10:17:58
520,Daniel Decker,Murphyfurt,Virginia,2025-04-22 21:16:12
521,Mitchell Lozano DDS,New Sheilastad,Washington,2025-08-28 01:50:50
522,Willie Salinas,South Andreastad,Kentucky,2021-11-20 19:36:44
523,Anthony Wright,Brandyberg,Colorado,2023-11-16 07:11:19
524,David Rodriguez,Brewerside,Nebraska,2022-01-05 14:52:02
525,Dennis Long,Lake Anthonyshire,Minnesota,2021-08-26 08:07:45
526,Darren Williams,Port Michaelview,Delaware,2024-01-24 04:18:59
527,James James,South Tiffany,Illinois,2022-04-05 09:19:26
528,Angela Bender,Millermouth,Ohio,2020-07-11 13:58:16
529,Troy Butler,East Steven,South Dakota,2025-03-28 22:10:11
530,Charles Simmons,East Dustin,Alabama,2025-03-08 22:20:36
531,Rachel Jones,New Bradleymouth,Utah,2025-08-26 19:50:58
532,Angela Kelly,East Stephen,Oklahoma,2025-03-25 04:38:30
533,Jeffrey Warren,West Jeffrey,South Dakota,2024-06-26 08:06:36
534,Casey Zimmerman,North Michaelton,Texas,2022-05-30 13:42:57
535,Edward Ortega,Lewisshire,Idaho,2023-05-04 21:19:38
536,Dawn Cummings,Cindymouth,Connecticut,2025-04-01 21:33:16
537,Elizabeth Hudson,South Carolynport,Arkansas,2023-09-04 03:20:10
538,Patricia Olsen DDS,Bradleychester,Oklahoma,2020-04-24 17:34:35
539,Sarah Gordon,Ashleymouth,Alaska,2021-12-11 23:33:12
540,Cameron Gordon,South Elizabethshire,Maryland,2020-09-13 17:15:59
541,Judith Case,Gibsonmouth,New Mexico,2023-07-13 00:21:04
542,Lisa Kennedy,Taylorborough,Georgia,2021-05-25 06:06:46
543,Mr. Jeffrey Peterson,Jenniferburgh,South Carolina,2020-02-23 11:59:05
544,James Skinner,Mannmouth,West Virginia,2024-05-03 07:53:42
545,Anthony Ramos,Emilychester,South Dakota,2025-07-20 10:44:38
546,Melissa Hughes,Lesliemouth,Arizona,2023-08-07 20:14:08
547,Tara Sanchez,East Joshua,Kentucky,2023-01-16 22:37:59
548,Andrew Ray,Howardmouth,Hawaii,2025-01-03 06:24:53
549,Scott Mills,Kathleenchester,South Dakota,2024-01-26 09:43:48
550,Margaret Hernandez,Hutchinsonville,Minnesota,2026-01-05 14:19:51
551,Samuel Beltran,Sydneystad,Idaho,2023-05-03 15:43:47
552,Angela Sims,North Jacobfurt,New York,2025-12-21 02:28:54
553,Andrew Pratt,Port Vincentview,Florida,2025-03-11 13:35:43
554,Luis Ward,East Samantha,Kansas,2021-05-07 08:12:42
555,Adrian Kim,West Kyleside,Minnesota,2021-06-15 01:41:20
556,Angel Hart,Lake Michael,New York,2023-11-07 12:29:49
557,Christopher Kelly,North Cory,Iowa,2024-01-06 01:17:50
558,Kevin Hicks,West Austinview,New York,2023-04-14 05:55:35
559,Michael Horn,East Donna,Nevada,2023-03-21 20:04:33
560,Michael Wright,Port Mary,Rhode Island,2020-06-16 00:03:33
561,John Smith,South Cynthia,New York,2026-01-17 13:51:10
562,Diane Love,West Arthur,Texas,2025-05-12 19:03:18
563,Mark Rose,New Veronica,Michigan,2020-03-19 03:11:26
564,John Clark,North Johnstad,Arkansas,2025-06-01 15:29:40
565,Alexa Roberson,Paynefort,Iowa,2024-03-10 10:30:23
566,Michael Roberts,Lake Desireetown,Texas,2026-04-07 03:08:30
567,Tracy Rodriguez,Lake Brian,Nebraska,2025-12-25 05:34:25
568,Andrea Maxwell,Port Tyler,Montana,2025-08-08 22:46:21
569,Shawn Pope,East Tyler,Louisiana,2021-09-04 14:38:44
570,Rebecca Allen,Kathymouth,New Mexico,2022-01-08 05:48:59
571,Mr. Ryan Matthews,North Anthonyport,Pennsylvania,2023-01-01 01:43:22
572,Cheryl Solomon,Davistown,Mississippi,2022-08-11 08:11:22
573,Katelyn Atkinson,West Lauraville,New Mexico,2024-12-05 05:02:04
574,Christopher Smith,Stantonberg,Georgia,2023-08-12 17:53:18
575,Monique Stafford,West Deanview,Mississippi,2025-10-25 22:24:54
576,Kristin Benitez,Ashleychester,Mississippi,2026-03-14 03:06:13
577,Steven Carter,Richardborough,Hawaii,2022-03-15 12:34:02
578,Mark Alvarez,Mooremouth,Missouri,2022-08-24 09:34:27
579,Ian Nelson,Hunterburgh,Wyoming,2024-03-12 16:21:12
580,Wendy Ramos,Perrymouth,New Hampshire,2024-03-01 17:27:11
581,Ann Beltran,East Carla,Delaware,2020-01-24 19:37:36
582,George Kim,East Christopher,Connecticut,2024-01-28 03:11:46
583,Eileen Nelson,Wanghaven,Alaska,2025-01-24 18:15:31
584,Bradley Reynolds,South Dennis,Wisconsin,2023-07-31 20:50:45
585,Cody Jones,Port Hunter,New York,2021-03-31 07:56:47
586,Melissa Oconnell,Jaredstad,Idaho,2024-08-19 06:18:17
587,James Sparks,Port Claudia,Minnesota,2020-01-28 11:11:47
588,Charles Blevins,South Matthewtown,Arkansas,2022-12-20 10:07:23
589,Monica Mitchell,Santiagoland,Vermont,2023-05-31 18:20:38
590,Russell Thompson,Port Ricardo,Kansas,2026-01-06 23:41:31
591,Danielle Burke,East Abigail,Arkansas,2022-08-25 20:24:42
592,Wanda Hartman MD,South Kimberlyfort,Kansas,2020-05-15 06:01:14
593,Nicole Montgomery,Ellischester,Rhode Island,2021-10-26 05:49:45
594,Francisco Carey,Taylorberg,Missouri,2021-12-02 12:54:50
595,Kyle Osborn MD,Guerreroshire,Missouri,2020-09-11 04:20:54
596,Monica Craig,Port Michellefurt,Washington,2024-07-31 21:37:05
597,Jonathan Arroyo,South Lisaview,Tennessee,2022-08-04 15:33:18
598,Robin Herrera,South Christopherstad,Ohio,2020-11-16 02:08:36
599,Joshua Coleman,Christensenfort,Colorado,2026-01-16 04:14:30
600,Brandon Wilkins,Christianstad,Michigan,2025-04-24 11:14:01
601,Claudia Francis,Lake Cynthiaview,Texas,2026-03-19 10:33:05
602,Joseph Davis,Port Georgeville,Idaho,2023-01-25 22:11:11
603,Shirley Edwards,New Madisontown,California,2023-11-29 12:51:17
604,Tammy Edwards,Brandonland,New Hampshire,2023-12-22 16:57:38
605,Jason Mitchell,Lake Brent,Iowa,2023-02-10 05:55:38
606,Joshua Johnson,West Brandonmouth,Alabama,2024-05-31 06:32:34
607,Todd Perez,Karenstad,Arizona,2022-11-13 17:03:10
608,Kathy Oneal,Jonathanburgh,Kansas,2024-07-10 19:37:42
609,James Reyes,Larryside,Virginia,2022-03-18 18:26:28
610,Theresa Turner,New Barryport,Michigan,2024-03-11 19:11:21
611,Donald Jones,Bradleyborough,Minnesota,2024-09-28 07:52:37
612,Dylan Brooks,West Josephland,New York,2023-09-21 11:04:07
613,Gail Mccoy,New Charles,Mississippi,2023-03-08 01:22:00
614,Michele Hurley,New Keithport,Alaska,2026-05-19 14:12:04
615,William Henderson,Robertland,Washington,2023-05-08 08:48:30
616,Larry Paul,Bryanmouth,Kansas,2021-10-13 01:52:38
617,Wendy Fox,Lake Matthew,Missouri,2020-04-07 17:15:07
618,Erica Miller,Chambersland,Colorado,2020-07-09 15:27:36
619,Steven Rice,New Edward,Florida,2023-05-27 09:45:02
620,Michelle Clark,Chrisbury,Vermont,2025-12-24 09:52:55
621,Kayla Quinn,Thomasberg,New York,2024-11-19 09:19:50
622,Kimberly Crawford,Kaylashire,California,2023-08-05 16:23:30
623,Jamie Mooney,East Christopherchester,Massachusetts,2022-10-22 17:04:02
624,Michelle Travis,East Jesse,Texas,2023-06-13 02:11:27
625,Derrick Shaffer MD,Georgefurt,Alabama,2025-05-12 12:18:42
626,Brent Sosa,Wallchester,Arizona,2021-04-14 02:51:16
627,David Franco,Port Michael,Florida,2026-02-25 19:34:06
628,Timothy Rodriguez,South Kevinshire,Indiana,2022-01-08 03:14:24
629,Cynthia Parker,North David,Wyoming,2023-10-19 16:45:00
630,Dr. Christine White,East Anthony,South Carolina,2021-10-17 15:36:43
631,Sabrina Green,West Karenside,South Dakota,2022-05-21 04:26:33
632,Angela Smith,Port John,Alabama,2022-02-22 04:20:31
633,Luis Schmidt,West Patricia,Wyoming,2025-02-26 17:24:19
634,Amber Golden,Karenhaven,Montana,2020-08-13 03:42:17
635,Allison Kline,Odonnellshire,Arkansas,2022-07-13 10:20:17
636,Jared Jones,Lake Saraton,New Hampshire,2022-11-22 06:11:33
637,Christopher Turner,Geraldmouth,North Dakota,2022-04-05 00:29:18
638,Ashley Schultz,North Carlport,Nevada,2022-08-21 19:43:38
639,Joshua Shaw,Taylorstad,Texas,2025-03-16 05:44:17
640,Ashley Hughes,South Teresaberg,West Virginia,2026-02-20 10:07:46
641,Daniel Taylor,Lake Laurafurt,Tennessee,2023-08-07 02:27:17
642,Christopher Guerrero,Brandyland,Virginia,2021-05-29 12:35:19
643,Christina Cantu,New Danatown,Pennsylvania,2025-06-13 14:29:56
644,Adam Rivera,West Christine,Utah,2024-06-29 14:28:42
645,Kathryn Lopez,Josephmouth,Florida,2023-05-22 20:05:04
646,Jose Ruiz,West Feliciafort,Indiana,2023-06-05 15:35:08
647,Edward Jackson,Pottsland,New York,2022-08-25 19:09:01
648,Rachel Russell,Cunninghamtown,Virginia,2022-05-30 07:21:46
649,Alicia Williams,Port Jeffrey,Colorado,2024-05-07 15:10:19
650,David Mason,Josephberg,Virginia,2025-09-25 02:46:20
651,David Bailey,Bartlettton,Colorado,2022-10-23 01:08:59
652,Joseph Hogan PhD,North Marvin,Alabama,2024-03-16 15:41:59
653,Steven Roberts,Loveland,West Virginia,2021-02-22 15:36:55
654,Ronald Alexander,East Joshuaport,South Dakota,2022-09-08 03:04:24
655,Anthony Boyd MD,Donnaport,Michigan,2024-06-03 15:24:26
656,John Ruiz,Kathrynchester,New Hampshire,2021-02-28 15:07:57
657,Jeff Davis,Christophermouth,New Hampshire,2025-09-24 03:00:31
658,Anthony French,North Tracy,Connecticut,2025-03-24 21:26:34
659,Heather Whitaker,Lake Anthonystad,Montana,2020-09-11 22:59:26
660,Jenna Long,Robertsville,Arkansas,2023-04-20 23:06:21
661,Becky Fowler,Fischertown,Alabama,2023-10-20 19:38:39
662,Andrew Johnson,Timothyhaven,Hawaii,2025-07-19 19:59:27
663,Mrs. Christina Smith,Lake Amystad,Utah,2024-04-22 03:48:55
664,Jose Lara,East Adamland,Wisconsin,2022-06-19 20:00:20
665,Michael Thomas,Johnstonview,Missouri,2021-04-13 22:00:12
666,Manuel Padilla,Justinville,Arizona,2023-12-04 22:38:22
667,Amanda Turner,Port Jonathan,Texas,2025-07-22 04:01:38
668,James Hall,Crystalview,Alabama,2026-01-27 15:00:09
669,Christina Berry,Edwardsshire,Connecticut,2022-07-11 20:40:57
670,Jennifer Daniels,Jasonfurt,Delaware,2025-09-16 05:23:35
671,John Parker,Garrettland,North Dakota,2023-02-07 11:38:41
672,David Ryan,South Timothystad,Kentucky,2024-06-09 20:26:44
673,Donald White,Jordanport,North Dakota,2021-11-06 04:46:42
674,Christopher Greer,Lake Andreahaven,Maryland,2025-03-03 17:24:07
675,Ashley Nguyen,New Williamtown,Virginia,2025-10-27 23:40:00
676,Diane Lee,North Brittanyport,Michigan,2020-10-23 18:34:25
677,William Perez,New Joseph,Alaska,2021-03-01 14:58:51
678,James Thomas,South Matthew,Alaska,2023-04-05 11:31:39
679,Gregory Kim,Lake Adrianfurt,Maryland,2022-07-20 06:47:37
680,Mrs. Christina Reynolds,South Colton,Idaho,2021-10-04 01:41:19
681,Bill Buck,Port Charlesview,Virginia,2024-12-25 00:10:12
682,Bryan Thornton PhD,New Cheryl,Ohio,2024-09-23 07:28:53
683,Samantha Rhodes,Jacobfurt,New Jersey,2022-09-29 03:07:49
684,Mark Johnson,Pricefort,South Carolina,2026-03-09 08:40:28
685,Briana Jenkins,Lake Derekbury,Nebraska,2026-03-13 08:56:01
686,Karen Cain,Michaeltown,Nebraska,2025-11-24 17:45:14
687,Angelica Alvarez,Wallacetown,Michigan,2024-10-10 15:30:00
688,Mason Hernandez,Yvonneport,Florida,2025-03-22 19:19:57
689,Helen Dunn,South Georgebury,Mississippi,2020-03-25 15:10:55
690,Kevin Harrison,East Jamesfurt,Indiana,2024-06-07 22:09:21
691,Heather Kirby,Wolfehaven,Utah,2020-05-21 07:05:20
692,Ellen Lawrence,Perryton,South Carolina,2020-07-07 02:13:15
693,Ronald Horn,Michaelborough,Montana,2023-01-20 04:00:28
694,Gabrielle Lee,North Brittney,Texas,2020-11-22 01:15:52
695,Chad Mcclain,East Darrylfurt,Alabama,2020-11-01 23:13:19
696,David Compton,Lambertmouth,Arizona,2022-08-09 21:38:47
697,Patricia Simmons,Jeremymouth,Virginia,2023-12-30 02:18:44
698,Victoria Maddox,Shawnbury,Wyoming,2024-05-22 04:38:35
699,Jason Allen IV,Pagestad,West Virginia,2022-12-08 05:43:08
700,Jessica Fowler,Marioburgh,Utah,2020-07-23 02:35:55
701,April Owens,Simonland,Nevada,2026-01-23 20:59:22
702,Mary Thomas,Chungfurt,Ohio,2024-09-09 05:11:06
703,Brandon Browning,Port Michaelborough,Alaska,2025-11-16 04:35:33
704,Craig Contreras,New Sandra,Vermont,2025-04-17 07:22:50
705,Anthony Hernandez,Lake Frank,North Carolina,2021-01-14 17:08:49
706,Sean Hardy,North Joshua,Iowa,2021-01-10 13:20:15
707,John Walls,Smithside,Indiana,2021-05-23 22:16:38
708,Samantha Brown,Smithport,Hawaii,2023-02-14 07:22:21
709,Allen Tapia,Jeffreyside,Louisiana,2020-08-24 14:46:23
710,Justin Brown,Gilesmouth,Kentucky,2020-02-03 10:07:23
711,Richard Hall,New Bradley,Iowa,2023-12-17 20:55:25
712,Heather Austin,Williamsfurt,Oregon,2025-09-08 05:56:56
713,Alyssa Green,Valerieport,Oklahoma,2025-02-18 00:54:45
714,Jeffrey Payne,South Jamesmouth,New York,2024-01-07 23:17:59
715,Sarah Hawkins,North Joseph,Florida,2025-08-25 01:24:12
716,Destiny Rogers,Lake Heidi,South Dakota,2026-05-28 06:03:16
717,Maria Flowers,East Debrahaven,Rhode Island,2021-02-01 21:58:52
718,David Patton,Michaelaborough,Oregon,2024-02-12 11:53:11
719,Brent Reed,Port Randychester,Idaho,2024-08-24 16:03:09
720,Elizabeth Ramirez,Ashleyberg,Montana,2026-05-12 03:24:26
721,Randy Williams,Emilyhaven,Delaware,2023-07-25 01:38:58
722,Scott Mason,Jacksonview,Iowa,2022-07-24 17:37:14
723,Brent Mack,Maryville,New Hampshire,2021-06-18 17:57:49
724,Ashley Thornton,North Johnfurt,Mississippi,2022-01-18 14:11:30
725,Leslie Marshall,Claymouth,Colorado,2025-05-19 06:51:59
726,Kelly Hopkins,Andrewhaven,Connecticut,2021-08-17 05:56:15
727,Rhonda Flores,West Devonhaven,Iowa,2025-01-22 14:17:40
728,Ashley Buchanan,South Bryanport,Washington,2021-11-05 21:13:53
729,Patrick Donovan,Knightside,Alabama,2022-07-15 10:35:36
730,Timothy Barnes,Lake Miguel,Michigan,2023-02-27 14:31:17
731,Kristina Smith,Williamfurt,Alaska,2025-10-05 06:32:26
732,Alicia Fernandez,North Krista,Massachusetts,2024-07-09 00:43:40
733,Benjamin Howell,Barrettchester,Oregon,2025-06-26 21:19:32
734,Daniel Castillo,West Brett,Kansas,2024-08-20 11:37:26
735,Alexis Caldwell,Hallstad,Delaware,2021-04-05 14:57:47
736,Bradley Moore,Richardborough,Alaska,2024-11-30 03:59:31
737,Edgar Washington,South Adam,Wisconsin,2025-07-25 23:03:13
738,Destiny Marshall,Deckerton,Georgia,2024-05-25 10:38:19
739,Donald Alexander,Lake Tony,California,2024-05-06 08:35:28
740,Victor Roberts,Thomaschester,Ohio,2021-04-06 17:32:40
741,David Patterson,Paulhaven,Washington,2025-08-26 18:59:23
742,Troy Hutchinson,Robertshire,Kansas,2026-01-07 04:09:40
743,Susan Spencer,Johnsonberg,Texas,2023-06-10 14:21:38
744,Erin Rangel,Robinmouth,Wisconsin,2024-10-01 11:58:34
745,Christopher Chapman,West Catherine,Indiana,2022-02-14 12:16:34
746,Amy Guerrero,Robertsborough,Ohio,2023-04-05 07:51:42
747,Angela Pitts,Russellhaven,Maine,2024-07-02 22:32:09
748,Gregory Daniels,Williamburgh,North Dakota,2023-10-17 20:37:27
749,Heather Crawford,Everettview,Utah,2024-10-30 04:09:41
750,Eric Hansen,North Lindashire,Wyoming,2025-09-13 14:41:40
751,Shawn Burton,Leeland,Texas,2020-07-04 05:33:34
752,Michael Davis,North Bradley,Florida,2024-10-03 00:45:08
753,John White,North Soniamouth,New Mexico,2026-05-08 01:11:49
754,Katherine Young,South Taramouth,Mississippi,2020-06-02 08:42:15
755,Jacob Watson,Gravestown,Virginia,2021-10-30 09:08:13
756,Nathaniel Griffin,Singhshire,Hawaii,2023-09-11 21:42:40
757,Michaela Cruz,Port Robert,Wyoming,2023-04-04 18:40:39
758,Carmen Kim,Lauriefurt,Maine,2023-03-01 22:26:44
759,Nicholas Mitchell,Suzanneburgh,North Dakota,2022-11-02 06:41:24
760,Michelle Baker,Zacharyport,Pennsylvania,2023-12-05 22:40:44
761,Kevin Burton,Lake Joseph,New Jersey,2026-02-02 08:40:48
762,Eric Smith,East Brandy,Iowa,2025-03-21 14:21:14
763,Emily Williamson,Robinfurt,Tennessee,2022-03-03 22:32:13
764,George Williams,West Erik,Nebraska,2023-07-24 07:58:10
765,Mr. Timothy Morgan,Port Lindsaymouth,Hawaii,2020-09-03 15:08:19
766,Daniel Coleman,East Anthony,Washington,2024-04-27 19:36:15
767,Melissa Lang,Sarahville,Idaho,2022-12-31 19:28:17
768,Edward Rivers,East Heatherbury,Maine,2024-11-24 19:40:57
769,Calvin Hamilton,Coxfort,South Carolina,2022-09-08 00:42:51
770,Gina Rodriguez,East Olivia,Mississippi,2023-01-21 11:00:50
771,Tiffany Bell,Port Richardchester,Illinois,2023-07-06 14:16:07
772,Laurie Mitchell,Richardsonfort,Virginia,2021-09-18 18:44:37
773,Zachary Allen,Katherineton,Maine,2021-05-13 11:22:50
774,Michael Hines,Parkton,Oregon,2025-08-17 07:21:42
775,Lisa Gilmore,West Robertton,Wisconsin,2020-10-06 08:43:05
776,Martha Weber,Port Brittanyfurt,Oregon,2021-04-16 18:26:34
777,Hunter Stout,Jefferyberg,Arizona,2024-06-19 19:56:19
778,Margaret Vasquez,Smithhaven,Minnesota,2020-12-28 05:53:55
779,John Alvarez,Johnsonfort,Idaho,2026-02-16 14:16:30
780,Kenneth Martin,Brandontown,Hawaii,2021-02-27 19:33:49
781,Jeremy Lee,Kimberlyberg,Delaware,2024-02-11 13:34:07
782,Stacey Estrada,Samanthastad,Wisconsin,2026-04-06 22:26:36
783,Joe Gibbs,Harrisberg,Maryland,2020-12-28 03:15:27
784,Amy Howard,Jamesmouth,Georgia,2026-02-23 22:05:04
785,Debra Johnson,Huangchester,Connecticut,2022-06-04 08:31:19
786,Katie Jones,Whiteville,Michigan,2022-06-13 11:50:41
787,Alicia Cohen,Waltersland,Washington,2020-07-21 02:59:25
788,Crystal Schmitt,North Nicolas,Mississippi,2025-12-17 14:22:59
789,Steven Woodward,Lake Ronaldmouth,Minnesota,2020-04-29 05:02:09
790,Amanda Ware,West Ryan,New York,2025-06-16 19:32:35
791,Jimmy Shannon,Garciashire,Georgia,2022-10-01 19:21:13
792,Michael Mooney,North Veronicaville,Georgia,2020-02-05 04:53:02
793,Christopher Lowe,Brittanyberg,Rhode Island,2026-06-22 10:49:10
794,Michael Cooper,New Lesliebury,New York,2025-09-07 05:35:11
795,Ethan Robinson,Lake Joseph,Utah,2023-04-21 08:56:22
796,Jason Carpenter,Ericburgh,Kansas,2022-03-19 14:16:54
797,Dawn Andrews,New Christina,Massachusetts,2023-05-24 23:17:02
798,Mr. Taylor Finley,Davismouth,South Carolina,2024-01-29 16:11:09
799,Carla Nelson,North Makayla,Montana,2022-04-28 21:45:56
800,Dana Long,Jennifermouth,California,2025-08-19 12:03:05
801,Andrew Robinson,Emmabury,Maine,2025-11-30 15:54:20
802,Stacey Phillips,Moralesmouth,Missouri,2024-03-07 15:48:43
803,Nicholas Gallagher,Colinfurt,Indiana,2020-10-28 03:14:14
804,Michelle Smith,Debrashire,Arkansas,2025-07-31 06:24:55
805,Stephanie Johnson,Perezborough,Maryland,2021-03-25 11:21:43
806,Steven Malone,New James,Florida,2024-10-25 16:58:53
807,Annette Larson,Lake Christian,New Jersey,2021-01-20 00:42:19
808,Kelly Allison,Rodgersberg,Missouri,2024-01-21 01:10:27
809,William Gallagher,Flynnburgh,Wyoming,2021-07-17 01:29:44
810,Cynthia Gutierrez,Lake Danielle,Wyoming,2020-09-10 11:03:50
811,Shannon Carpenter,Lake Jamie,Missouri,2020-12-24 03:02:02
812,Peter Fitzgerald,Hickmanburgh,Maine,2022-11-13 08:12:09
813,Maria Brown,East Kelly,Delaware,2020-09-15 05:32:41
814,Brandon Ward,East Joseph,Kansas,2021-08-25 02:25:29
815,Richard Steele,Crystalland,Indiana,2020-05-05 23:59:16
816,Anthony Diaz,Williamsport,Oregon,2024-08-20 18:08:53
817,Leslie Hoffman,Cynthiahaven,New Mexico,2023-10-13 04:45:38
818,Sandra Velasquez,Wintersmouth,Tennessee,2021-07-02 21:25:59
819,Kerri Jordan,West Olivia,Alabama,2024-07-24 07:17:28
820,Paula Ray,East Chelseyburgh,Kansas,2022-09-03 13:07:16
821,Rebecca Collins,Katrinafort,Michigan,2024-12-30 07:09:57
822,Rodney Hernandez,Williamsview,Alaska,2020-04-26 09:08:10
823,Trevor Morgan,South Carlaside,Illinois,2025-08-12 15:24:04
824,Rachel Powell,Troyberg,New Jersey,2024-01-24 09:08:38
825,Darlene Mcdaniel,East Julie,Kentucky,2025-01-11 19:22:51
826,Margaret Rowe,Port Jasonland,Florida,2025-11-04 01:01:53
827,Jordan Bryant,Port Josephport,Oklahoma,2025-08-08 20:29:56
828,Daniel Brown,South Hannahburgh,Nevada,2023-01-15 08:54:30
829,James Santos,North Christopher,Utah,2023-07-15 20:47:31
830,Tommy Garcia,Joshuaberg,Georgia,2023-12-07 11:06:39
831,Benjamin Burns,East Danny,Colorado,2026-01-03 03:17:49
832,Sara Smith,New Deborah,Kansas,2023-01-14 14:57:49
833,Christopher Bryan,Lopezport,North Dakota,2023-05-10 18:22:25
834,Johnny Pierce,Powersside,Massachusetts,2024-01-14 14:12:26
835,Michele Braun,East Brianport,New York,2022-12-25 23:42:10
836,John Higgins,Samanthaland,Idaho,2022-01-06 14:22:02
837,Joseph Sweeney,North Jamesside,Connecticut,2022-07-27 08:12:41
838,Rebecca Buck,East Rachel,Pennsylvania,2020-12-03 19:32:14
839,Erik Rich,Smithmouth,Alabama,2020-01-13 11:57:55
840,Lisa Edwards,Everettmouth,Arkansas,2024-07-28 03:32:19
841,Megan Fox,Lake Charles,Georgia,2021-01-24 06:40:31
842,Brian Morrison,South Lucasstad,California,2022-03-15 19:38:48
843,Dalton Clay,North Tammy,Tennessee,2025-01-28 11:34:38
844,Jeremy Strong,New Molly,Minnesota,2020-03-11 03:48:33
845,Mary Hernandez,Randyfurt,New York,2025-05-03 18:16:05
846,Jill Taylor,Port Sarahstad,Texas,2024-10-06 01:46:14
847,Meghan Walker,Port Kimberlyport,New Jersey,2025-02-04 14:51:47
848,Michael Martinez,South Anthony,Virginia,2022-11-19 12:35:49
849,Gregory Sims,New Stevenborough,Hawaii,2022-08-08 14:55:54
850,Angela Ray,Fostermouth,North Carolina,2024-11-06 22:43:20
851,Melanie Cole,West Lisafort,Illinois,2020-02-01 05:02:27
852,Eric Robinson,New Emily,New Jersey,2025-01-20 12:19:35
853,Tiffany Howard,Lake Daniellefurt,Pennsylvania,2020-02-11 18:15:29
854,Lisa Tanner,North Deanna,Rhode Island,2023-11-12 20:51:10
855,Bryan Bowers,Smithstad,Alabama,2022-05-19 12:29:31
856,Anthony Cannon,Port Mercedes,California,2021-01-13 12:18:36
857,Chris Rogers,Johnland,New York,2020-01-16 12:14:32
858,Leah Diaz,Port Bethanyville,Wisconsin,2022-05-25 06:26:00
859,Christopher Tyler,South Nancy,Minnesota,2023-07-29 08:00:53
860,Jack Moore,South Kelsey,Texas,2023-05-10 22:13:39
861,Wesley Leonard,West Jennifer,Utah,2023-08-06 05:07:17
862,Shannon Walter,Halemouth,Illinois,2023-12-05 18:12:46
863,Kayla Payne,Louisport,West Virginia,2020-07-02 14:41:10
864,Randy Murphy,Port Jill,Maryland,2025-03-26 07:13:52
865,Joseph Martin,Jennifermouth,Nebraska,2025-10-05 07:07:44
866,Sandra Robinson,South Matthew,Washington,2022-05-14 23:24:12
867,David Patel,Drakestad,Kentucky,2021-10-12 02:46:20
868,Lauren Hamilton,Cordovaburgh,Minnesota,2022-05-17 04:30:32
869,Parker Calhoun,Georgeberg,Arizona,2026-03-15 17:18:18
870,Courtney Martin,New Austin,Wisconsin,2024-09-28 17:39:04
871,Ryan Davis,Charlesbury,Alabama,2022-06-02 16:50:06
872,Anthony Lowe,East Amandatown,Alabama,2023-08-29 05:05:43
873,Joe Wilson,North Madison,Arkansas,2020-08-24 19:24:29
874,Richard Morse,West Brandon,Utah,2024-06-03 15:36:37
875,Eric Shaw,West Scottfort,North Dakota,2024-10-17 15:48:00
876,Caitlin Wyatt,Jordanview,Wisconsin,2022-12-12 10:31:19
877,Justin Bentley,Waltermouth,Oregon,2021-02-23 04:22:03
878,Jordan Molina,Port Lisaland,Illinois,2020-12-03 17:23:51
879,Antonio Daniels,South Luistown,Tennessee,2022-01-23 11:11:13
880,James Perez,West Stevenchester,Montana,2023-03-25 09:25:32
881,Mary Griffith,Kennethmouth,Texas,2024-07-02 18:59:30
882,Faith Mack,Hollyhaven,Maine,2026-02-17 14:22:05
883,Jose Harris,Smithmouth,New Jersey,2024-08-22 11:31:00
884,Jason Watts,West Cheyenne,Tennessee,2024-11-11 10:19:19
885,Jenna Andersen,Baileyborough,Oregon,2020-08-23 22:28:33
886,Amanda Garcia,Riceton,Missouri,2022-06-19 00:10:21
887,David Williams,Lake Dustinfurt,Massachusetts,2022-07-10 17:46:18
888,James Brown,South Shannonview,Louisiana,2026-05-06 09:22:55
889,Joseph Gonzalez,Christineburgh,Alaska,2022-07-18 20:01:53
890,Robert Bowman,Jenningsburgh,Mississippi,2021-12-20 00:14:34
891,Miss Kathleen Villegas,Nguyenfort,Virginia,2020-04-28 12:24:12
892,Brady Parrish,Veronicafort,Washington,2020-06-23 05:51:51
893,Kristen Harris,East Carlosberg,Ohio,2022-10-28 15:34:59
894,Robert Carroll,Samuelchester,Washington,2020-04-10 18:33:53
895,Mr. Brandon Wang,South Robert,Nevada,2022-06-19 09:15:51
896,Kristin Greene,Lake Andrewchester,Ohio,2025-04-01 05:50:19
897,Joshua Jones,Shannonfurt,New York,2023-04-25 10:47:25
898,Jessica Brown,North Karen,California,2023-03-31 00:52:19
899,Edward Roberts,Josephton,Wyoming,2021-01-25 00:37:14
900,Carlos Nguyen,West Johnny,New Hampshire,2021-08-15 21:48:26
901,Brian Brown,Jasonland,Indiana,2021-11-08 11:11:15
902,Michelle Jackson,Michaelchester,Pennsylvania,2020-08-28 12:44:28
903,Christopher Gilmore,New Tinaville,New Hampshire,2022-03-02 20:13:23
904,Holly White DDS,South Williamhaven,Massachusetts,2026-01-02 09:08:36
905,Lorraine Hernandez,Port Sean,Washington,2022-09-05 10:05:07
906,Nathan Erickson,Davidland,Kentucky,2022-06-19 09:05:08
907,Thomas Moore,Joneschester,New Jersey,2021-09-11 21:17:13
908,Mary Miles,Angelatown,New Jersey,2024-05-20 02:39:49
909,Philip Spears,Dianaland,Kentucky,2023-11-17 11:34:04
910,Stacey Lee,North Kaylaville,Wyoming,2024-06-04 13:34:42
911,Michael Jones,Port Jasmine,Oklahoma,2023-07-17 11:55:30
912,Brian Mayo,Kellyhaven,Illinois,2023-09-19 16:35:59
913,Jacob Taylor,Lake Barbara,Nebraska,2026-03-24 11:43:49
914,Virginia Joseph,Shirleyview,Connecticut,2026-05-31 14:08:48
915,Evan Gonzalez,Brennanburgh,Oklahoma,2026-04-11 16:20:30
916,Shelia Moore,Danielside,Nebraska,2023-04-15 07:21:02
917,Lisa Hodge,New Robyn,Tennessee,2020-11-30 19:01:22
918,Lauren West,Smithfort,Ohio,2025-10-31 06:50:27
919,Joshua Sampson,Mcclainberg,Connecticut,2026-02-05 11:18:49
920,Nicholas Clarke,Mcmahonbury,Connecticut,2022-09-16 19:57:16
921,Kyle Watson,West Linda,Arizona,2022-11-07 00:12:53
922,Justin Miller,South Haley,Hawaii,2023-02-10 13:35:30
923,Julie Vasquez,East Deanna,Wyoming,2021-04-23 11:01:38
924,Thomas Little,Myersland,South Carolina,2023-01-24 14:43:51
925,Douglas Clark,Lake Mark,Louisiana,2026-06-01 04:32:47
926,Stephanie Mcpherson,Lake Alexander,Nevada,2021-01-20 13:37:34
927,Joshua Cook,West Davidside,Alabama,2022-08-17 04:54:33
928,Victor Hall,Kelleyborough,Wisconsin,2022-01-15 22:52:59
929,Melissa Madden,Angelaville,Wisconsin,2026-02-17 06:26:21
930,Karen Ramirez,Mckaybury,West Virginia,2021-07-10 08:27:14
931,Robert Williams,Glenhaven,Utah,2023-06-29 20:59:33
932,Ryan Young,Scottshire,Delaware,2025-06-02 00:48:03
933,Natalie Hernandez,Yolandafort,Alaska,2021-02-24 15:08:26
934,Blake Greene,Sarahview,Montana,2024-11-12 04:49:00
935,Denise Soto,Petertown,New Jersey,2020-03-02 02:13:20
936,John Fisher,Larsonstad,Hawaii,2022-04-29 20:45:58
937,Eric Meadows,Dianachester,Texas,2023-12-03 08:44:14
938,Margaret Murray,Donaldsonhaven,Florida,2020-08-26 04:15:21
939,Jacob Sanders,Port Natasha,Kansas,2020-01-13 04:30:04
940,Jeremy Bailey,Coleview,Utah,2024-02-24 07:16:01
941,Megan Thompson,Davidside,Mississippi,2023-05-17 14:28:46
942,James Lawson,Pattonshire,Delaware,2023-04-16 02:57:15
943,Eric Rodriguez,North Cynthiachester,Indiana,2025-02-17 05:57:19
944,Jeremy King,Kevinshire,North Carolina,2020-12-11 03:41:59
945,Tiffany Hampton,Port Brittanyside,Louisiana,2024-01-05 04:39:09
946,Amy Mckee,Christophertown,Wisconsin,2020-03-17 23:55:20
947,Maria Glenn,Roberttown,Nebraska,2020-10-18 15:48:48
948,Joe Thompson,Youngview,Montana,2023-04-13 08:37:45
949,Kurt Shields,New Joel,Nevada,2023-08-17 15:36:35
950,Richard Jones,Allisonmouth,Nevada,2022-04-09 21:19:17
951,Calvin Mills,South Kimberly,Iowa,2022-08-08 20:26:37
952,Gina Hooper,Mooreside,Minnesota,2025-10-07 13:47:50
953,Evan Whitaker,Port Lisaview,Idaho,2025-10-26 21:02:09
954,Michael Fletcher,South Danielstad,Kentucky,2025-03-09 14:59:45
955,Robert Allen,East Tracy,Louisiana,2023-10-18 13:38:09
956,Tina Taylor,North John,Alabama,2025-06-02 16:06:30
957,Kyle Jones,Sullivanstad,Connecticut,2023-10-27 05:24:06
958,Mary Welch,Mcculloughtown,Louisiana,2020-03-24 01:18:14
959,Steven Davila,Annefort,Florida,2022-03-30 03:46:25
960,Carla Roach,Lake Mikeberg,Michigan,2023-08-21 15:10:25
961,Melissa Vargas,North Bruceport,Virginia,2022-08-21 00:04:08
962,Brian Byrd,Cathystad,North Dakota,2023-10-26 13:28:41
963,Dylan Rose,New Preston,North Dakota,2020-03-23 21:38:34
964,Maxwell Walker,North Megan,South Carolina,2022-04-08 15:53:09
965,Christopher Valencia,Leefurt,Arizona,2022-11-29 15:22:25
966,Jennifer Young,West Katieside,Kentucky,2025-07-20 07:47:22
967,Aaron Ward,Harrishaven,Montana,2025-11-06 05:00:15
968,Jessica Dunn,Robinville,Nebraska,2021-08-21 15:11:48
969,Kelly Alexander,Alexisburgh,Pennsylvania,2025-06-14 02:31:42
970,Stephanie Franklin,Teresaton,Kansas,2026-02-15 04:23:56
971,Marissa Wyatt,West Mikestad,Connecticut,2024-06-30 01:14:03
972,Joshua Brooks,Johnmouth,Idaho,2021-03-14 10:51:15
973,Jesus Michael,Robertsfort,Connecticut,2021-09-07 05:18:03
974,Dr. Daniel Lopez,Lauramouth,Louisiana,2025-03-02 05:45:04
975,William Jones,Port Dennis,Tennessee,2021-03-13 17:42:42
976,Anna Graham,Port Jasmine,Indiana,2024-10-14 23:02:09
977,Gregory Smith,Port Kimberly,Washington,2023-04-17 08:40:42
978,Ralph Chavez,North Shannon,South Dakota,2024-02-03 12:24:59
979,Megan May,Kristinaton,New Mexico,2021-05-01 18:53:29
980,Kathleen White,New Heatherfort,Alabama,2020-05-24 06:20:24
981,Haley Thompson,North Pamelaview,New Hampshire,2022-08-30 07:13:47
982,Jacob Daugherty,East Tylerton,California,2022-10-01 20:38:30
983,Ronnie Vasquez,Valerieton,Iowa,2020-11-18 07:58:40
984,Ricardo Meyer,West Megan,Connecticut,2020-10-07 19:44:38
985,Alex Dyer MD,Martinezmouth,Kansas,2024-02-12 22:04:29
986,Allison West,Hughesfurt,South Carolina,2024-04-10 19:00:04
987,Matthew Wise,Ibarrafurt,Pennsylvania,2020-08-17 23:00:12
988,Matthew Alvarez,South Louis,California,2026-02-18 01:48:45
989,Austin Huffman DDS,Farrellburgh,Ohio,2022-06-20 17:35:25
990,Jeremy Wilson,South Jamesfurt,New Jersey,2025-08-06 10:09:11
991,Victoria Rocha,Lake Laurenville,West Virginia,2025-06-29 16:38:02
992,Sarah Anderson,East Alexis,New Hampshire,2021-02-03 13:40:04
993,Claudia Campos,North Michaelborough,Hawaii,2026-05-06 05:57:31
994,Cody Nelson,South Tonya,Louisiana,2023-08-04 20:52:20
995,Jason Santiago,Lake Ashley,Illinois,2020-08-14 03:01:35
996,Savannah Nelson,Lake Tylerfurt,North Dakota,2022-10-23 04:42:15
997,Stephanie Brown,New Coleburgh,Maine,2023-04-07 14:29:55
998,Ann Hall,Lake David,Missouri,2026-01-13 15:23:45
999,Jacob Morris,South Tammy,Alaska,2021-07-25 05:45:14
1000,Jasmine Garcia,New Kevinview,Maine,2021-11-10 04:35:18
